{
  "model_type": "Baseline Model (all-MiniLM-L6-v2)",
  "dataset": "job_applicant_dataset.csv (10,000 records)",
  "evaluation_date": "2026-03-26T18:03:47.079339",
  "test_set_info": {
    "total_samples": 2500,
    "non_matches": 1288,
    "matches": 1212,
    "test_size_percentage": 25.0
  },
  "threshold_used": 0.3,
  "primary_metrics": {
    "accuracy": 0.4824,
    "precision": 0.4830016583747927,
    "recall": 0.9612211221122112,
    "f1_score": 0.6429359823399559
  },
  "secondary_metrics": {
    "balanced_accuracy": 0.4965267101244286,
    "specificity": 0.03183229813664596,
    "sensitivity": 0.9612211221122112,
    "cohen_kappa": -0.006749422402804406,
    "roc_auc": 0.48643866715864137
  },
  "confusion_matrix": {
    "true_negatives": 41,
    "false_positives": 1247,
    "false_negatives": 47,
    "true_positives": 1165
  },
  "error_rates": {
    "false_positive_rate": 0.968167701863354,
    "false_negative_rate": 0.038778877887788776
  },
  "per_class_metrics": {
    "non_match": {
      "precision": 0.4659090909090909,
      "recall": 0.03183229813664596,
      "f1_score": 0.059593023255813955,
      "support": 1288
    },
    "match": {
      "precision": 0.4830016583747927,
      "recall": 0.9612211221122112,
      "f1_score": 0.6429359823399559,
      "support": 1212
    }
  },
  "similarity_statistics": {
    "mean": 0.5108826160430908,
    "std_dev": 0.10073097795248032,
    "min": 0.14050035178661346,
    "max": 0.714174747467041,
    "median": 0.5202199220657349,
    "percentile_25": 0.44409771263599396,
    "percentile_75": 0.5896625220775604
  },
  "timing": {
    "model_load_time_seconds": 6.518660545349121,
    "embedding_time_seconds": 22.06711983680725,
    "similarity_calculation_time_seconds": 0.44505977630615234
  }
}