{
  "model": "Cross-Encoder",
  "accuracy": 0.5581818181818182,
  "precision": 0.5465663217309501,
  "recall": 0.9931623931623932,
  "f1_score": 0.7050970873786407,
  "auc_roc": 0.6328503858600947,
  "threshold": 0.1,
  "confusion_matrix": [
    [
      33,
      482
    ],
    [
      4,
      581
    ]
  ],
  "improvements": [
    "CrossEncoder architecture reads both texts together (Option 3)",
    "Fine-tuned on full dataset",
    "F1-optimised threshold (Option 4)"
  ],
  "timestamp": "2026-03-10T10:23:16.801364"
}