{
  "accuracy": 0.6166666666666667,
  "precision": 0.7064220183486238,
  "recall": 0.5620437956204379,
  "f1_score": 0.6260162601626016,
  "auc_roc": 0.6709942597973212,
  "threshold": 0.3799999999999999,
  "skill_weight": 0.35,
  "epochs": 10,
  "sample_size": 12000,
  "confusion_matrix": [
    [
      355,
      160
    ],
    [
      300,
      385
    ]
  ],
  "novel_contributions": [
    "Skill-weighted hybrid similarity",
    "Data augmentation with paraphrasing",
    "Hard negative mining",
    "Extended training strategy"
  ],
  "timestamp": "2026-02-02T11:56:47.234211"
}