{
  "model_type": "Fine-Tuned MiniLM-L6-v2 (advanced-model - trained on 10,600 samples)",
  "model_path": "models/advanced-model",
  "dataset": "job_applicant_dataset.csv (10,000 records)",
  "evaluation_date": "2026-03-26T18:09:50.041916",
  "test_set_info": {
    "total_samples": 2500,
    "non_matches": 1288,
    "matches": 1212,
    "test_size_percentage": 25.0
  },
  "threshold_used": 0.3,
  "primary_metrics": {
    "accuracy": 0.5156,
    "precision": 0.5002082465639317,
    "recall": 0.990924092409241,
    "f1_score": 0.6648214779961251
  },
  "secondary_metrics": {
    "balanced_accuracy": 0.5296235368878502,
    "specificity": 0.06832298136645963,
    "sensitivity": 0.990924092409241,
    "cohen_kappa": 0.05758050799445669,
    "roc_auc": 0.5512489622409446
  },
  "confusion_matrix": {
    "true_negatives": 88,
    "false_positives": 1200,
    "false_negatives": 11,
    "true_positives": 1201
  },
  "error_rates": {
    "false_positive_rate": 0.9316770186335404,
    "false_negative_rate": 0.009075907590759076
  },
  "per_class_metrics": {
    "non_match": {
      "precision": 0.8888888888888888,
      "recall": 0.06832298136645963,
      "f1_score": 0.12689257390050468,
      "support": 1288
    },
    "match": {
      "precision": 0.5002082465639317,
      "recall": 0.990924092409241,
      "f1_score": 0.6648214779961251,
      "support": 1212
    }
  },
  "similarity_statistics": {
    "mean": 0.5280250310897827,
    "std_dev": 0.11332077533006668,
    "min": -0.06218935549259186,
    "max": 0.7102924585342407,
    "median": 0.5446842312812805,
    "percentile_25": 0.49608634412288666,
    "percentile_75": 0.5895032286643982
  },
  "timing": {
    "model_load_time_seconds": 0.7832398414611816,
    "embedding_time_seconds": 21.814579010009766,
    "similarity_calculation_time_seconds": 0.4122426509857178
  }
}