epoch,steps,Accuracy,Accuracy_Threshold,F1,F1_Threshold,Precision,Recall,Average_Precision
1.0,550,0.59,-0.63436514,0.7053081147040878,-0.9762765,0.5483870967741935,0.9880341880341881,0.7014540203168118
2.0,1100,0.5718181818181818,0.17749032,0.7046694966646453,-1.6332937,0.5460526315789473,0.9931623931623932,0.6862342791889786
3.0,1650,0.57,0.52997994,0.7046694966646453,-1.7557812,0.5460526315789473,0.9931623931623932,0.6873290114974056
