{
  "accuracy": 0.555,
  "precision": 0.5833333333333334,
  "recall": 0.6422018348623854,
  "f1_score": 0.611353711790393,
  "threshold": 0.5,
  "num_samples": 200,
  "timestamp": "2026-01-25T04:43:50.577229"
}