epoch,steps,cosine_pearson,cosine_spearman
1.0,1163,0.870268605983587,0.8482904391335221
2.0,2326,0.8710275531928378,0.8497375633595012
3.0,3489,0.8725280365369733,0.8505041946458831
4.0,4652,0.8757167855667135,0.8515493399202014
5.0,5815,0.8755216400173109,0.8509147874322224
